[
  {"model": "users.role", "pk": 1, "fields": {"name": "Admin", "preset": "admin", "can_manage_users": true, "can_manage_deals": true, "can_manage_clients": true, "can_view_reports": true, "can_manage_settings": true}},
  {"model": "users.role", "pk": 2, "fields": {"name": "Sales Manager", "preset": "sales_manager", "can_manage_users": false, "can_manage_deals": true, "can_manage_clients": true, "can_view_reports": true, "can_manage_settings": false}},
  {"model": "users.role", "pk": 3, "fields": {"name": "Recruiter", "preset": "recruiter", "can_manage_users": false, "can_manage_deals": false, "can_manage_clients": true, "can_view_reports": false, "can_manage_settings": false}},
  {"model": "users.role", "pk": 4, "fields": {"name": "Viewer", "preset": "viewer", "can_manage_users": false, "can_manage_deals": false, "can_manage_clients": false, "can_view_reports": false, "can_manage_settings": false}},

  {"model": "users.user", "pk": 1, "fields": {"email": "admin@idev.team", "password": "pbkdf2_sha256$870000$testsalt000000001$V6pEfLKPnJU5hXRJtGHjIFa2mHg7D0SLXB7CThJInjA=", "first_name": "Admin", "last_name": "User", "language": "ru", "role": 1, "is_active": true, "is_staff": true, "is_superuser": true, "created_at": "2026-01-01T08:00:00Z", "updated_at": "2026-01-01T08:00:00Z"}},
  {"model": "users.user", "pk": 2, "fields": {"email": "evgenii@idev.team", "password": "pbkdf2_sha256$870000$testsalt000000001$V6pEfLKPnJU5hXRJtGHjIFa2mHg7D0SLXB7CThJInjA=", "first_name": "Evgenii", "last_name": "Kuznetsov", "language": "ru", "role": 1, "is_active": true, "is_staff": true, "is_superuser": false, "created_at": "2026-01-01T08:00:00Z", "updated_at": "2026-01-01T08:00:00Z"}},
  {"model": "users.user", "pk": 3, "fields": {"email": "anna@idev.team", "password": "pbkdf2_sha256$870000$testsalt000000001$V6pEfLKPnJU5hXRJtGHjIFa2mHg7D0SLXB7CThJInjA=", "first_name": "Anna", "last_name": "Petrova", "language": "ru", "role": 2, "is_active": true, "is_staff": false, "is_superuser": false, "created_at": "2026-01-02T08:00:00Z", "updated_at": "2026-01-02T08:00:00Z"}},
  {"model": "users.user", "pk": 4, "fields": {"email": "vadim@idev.team", "password": "pbkdf2_sha256$870000$testsalt000000001$V6pEfLKPnJU5hXRJtGHjIFa2mHg7D0SLXB7CThJInjA=", "first_name": "Vadim", "last_name": "Gess", "language": "ru", "role": 2, "is_active": true, "is_staff": false, "is_superuser": false, "created_at": "2026-01-03T08:00:00Z", "updated_at": "2026-01-03T08:00:00Z"}},
  {"model": "users.user", "pk": 5, "fields": {"email": "kirill@idev.team", "password": "pbkdf2_sha256$870000$testsalt000000001$V6pEfLKPnJU5hXRJtGHjIFa2mHg7D0SLXB7CThJInjA=", "first_name": "Kirill", "last_name": "Sokolov", "language": "ru", "role": 3, "is_active": true, "is_staff": false, "is_superuser": false, "created_at": "2026-01-04T08:00:00Z", "updated_at": "2026-01-04T08:00:00Z"}},

  {"model": "clients.client", "pk": 1, "fields": {"name": "TechFlow GmbH", "industry": "fintech", "website": "https://techflow.de", "country": "Germany", "company_size": "51-200", "status": "active", "tech_stack": ["Python", "React", "AWS"], "budget_range": "large", "description": "FinTech startup building payment infrastructure.", "assigned_to": 3, "created_by": 2, "created_at": "2026-01-15T09:00:00Z", "updated_at": "2026-01-15T09:00:00Z"}},
  {"model": "clients.client", "pk": 2, "fields": {"name": "ShopLytics", "industry": "ecommerce", "website": "https://shoplytics.io", "country": "Netherlands", "company_size": "11-50", "status": "prospect", "tech_stack": ["Node.js", "Vue", "GCP"], "budget_range": "medium", "description": "E-commerce analytics platform growing fast.", "assigned_to": 3, "created_by": 2, "created_at": "2026-02-01T10:00:00Z", "updated_at": "2026-02-01T10:00:00Z"}},
  {"model": "clients.client", "pk": 3, "fields": {"name": "MediCore", "industry": "healthtech", "website": "https://medicore.app", "country": "USA", "company_size": "200+", "status": "active", "tech_stack": ["Java", "Angular", "Azure"], "budget_range": "enterprise", "description": "Healthcare data platform serving 50+ hospitals.", "assigned_to": 4, "created_by": 2, "created_at": "2025-11-01T08:00:00Z", "updated_at": "2025-11-01T08:00:00Z"}},
  {"model": "clients.client", "pk": 4, "fields": {"name": "GameForge", "industry": "gaming", "website": "https://gameforge.gg", "country": "UK", "company_size": "11-50", "status": "lead", "tech_stack": ["Unity", "C#", "AWS"], "budget_range": "small", "description": "Mobile game studio looking for QA engineers.", "assigned_to": 5, "created_by": 2, "created_at": "2026-03-10T14:00:00Z", "updated_at": "2026-03-10T14:00:00Z"}},
  {"model": "clients.client", "pk": 5, "fields": {"name": "LogiChain", "industry": "logistics", "website": "https://logichain.eu", "country": "Poland", "company_size": "51-200", "status": "paused", "tech_stack": ["Go", "React", "K8s"], "budget_range": "medium", "description": "Supply chain optimization SaaS.", "assigned_to": 4, "created_by": 2, "created_at": "2026-01-20T11:00:00Z", "updated_at": "2026-01-20T11:00:00Z"}},

  {"model": "deals.deal", "pk": 1, "fields": {"title": "TechFlow — 3x Python Backend", "client": 1, "assigned_to": 3, "created_by": 2, "status": "active", "value_usd": "18000.00", "probability": 95, "team_size_needed": 3, "tech_requirements": ["Python", "Django", "PostgreSQL"], "start_date": "2026-02-01", "end_date": "2026-08-01", "expected_close_date": null, "description": "3 senior Python devs for 6 months.", "order": 0, "created_at": "2026-01-20T09:00:00Z", "updated_at": "2026-01-20T09:00:00Z"}},
  {"model": "deals.deal", "pk": 2, "fields": {"title": "ShopLytics — React Team", "client": 2, "assigned_to": 3, "created_by": 2, "status": "proposal", "value_usd": "8500.00", "probability": 60, "team_size_needed": 2, "tech_requirements": ["React", "TypeScript"], "start_date": null, "end_date": null, "expected_close_date": "2026-05-01", "description": "2 React developers for dashboard rebuild.", "order": 0, "created_at": "2026-03-01T10:00:00Z", "updated_at": "2026-03-01T10:00:00Z"}},
  {"model": "deals.deal", "pk": 3, "fields": {"title": "MediCore — DevOps Upgrade", "client": 3, "assigned_to": 4, "created_by": 2, "status": "negotiation", "value_usd": "25000.00", "probability": 75, "team_size_needed": 2, "tech_requirements": ["Kubernetes", "Terraform", "Azure"], "start_date": null, "end_date": null, "expected_close_date": "2026-04-30", "description": "DevOps team for cloud migration.", "order": 0, "created_at": "2026-02-15T09:00:00Z", "updated_at": "2026-02-15T09:00:00Z"}},
  {"model": "deals.deal", "pk": 4, "fields": {"title": "GameForge — QA Engineers", "client": 4, "assigned_to": 5, "created_by": 2, "status": "new_lead", "value_usd": "4000.00", "probability": 30, "team_size_needed": 1, "tech_requirements": ["Unity", "Mobile testing"], "start_date": null, "end_date": null, "expected_close_date": null, "description": "1 QA for mobile game testing.", "order": 0, "created_at": "2026-03-15T14:00:00Z", "updated_at": "2026-03-15T14:00:00Z"}},
  {"model": "deals.deal", "pk": 5, "fields": {"title": "LogiChain — Go Backend", "client": 5, "assigned_to": 4, "created_by": 2, "status": "discovery", "value_usd": "12000.00", "probability": 45, "team_size_needed": 2, "tech_requirements": ["Go", "Kafka"], "start_date": null, "end_date": null, "expected_close_date": "2026-06-01", "description": "Go developers for microservices.", "order": 0, "created_at": "2026-03-05T11:00:00Z", "updated_at": "2026-03-05T11:00:00Z"}},

  {"model": "backlog.backlogitem", "pk": 1, "fields": {"title": "Email notifications", "description": "Send email when task deadline is near", "status": "idea", "author": 2, "votes": 5, "order": 0, "created_at": "2026-01-10T09:00:00Z", "updated_at": "2026-01-10T09:00:00Z"}},
  {"model": "backlog.backlogitem", "pk": 2, "fields": {"title": "Mobile app", "description": "iOS/Android CRM client", "status": "idea", "author": 2, "votes": 12, "order": 1, "created_at": "2026-01-15T10:00:00Z", "updated_at": "2026-01-15T10:00:00Z"}},
  {"model": "backlog.backlogitem", "pk": 3, "fields": {"title": "AI deal scoring", "description": "Predict deal close probability with ML", "status": "in_progress", "author": 2, "votes": 8, "order": 0, "created_at": "2026-02-01T09:00:00Z", "updated_at": "2026-02-01T09:00:00Z"}},
  {"model": "backlog.backlogitem", "pk": 4, "fields": {"title": "Bulk CSV import for clients", "description": "Allow importing hundreds of clients from a spreadsheet", "status": "idea", "author": 3, "votes": 7, "order": 2, "created_at": "2026-02-10T10:00:00Z", "updated_at": "2026-02-10T10:00:00Z"}},
  {"model": "backlog.backlogitem", "pk": 5, "fields": {"title": "Two-factor authentication", "description": "TOTP-based 2FA for user accounts", "status": "in_progress", "author": 1, "votes": 15, "order": 1, "created_at": "2026-02-20T09:00:00Z", "updated_at": "2026-02-20T09:00:00Z"}},
  {"model": "backlog.backlogitem", "pk": 6, "fields": {"title": "Deal pipeline reporting", "description": "Funnel visualisation with conversion rates", "status": "testing", "author": 4, "votes": 10, "order": 0, "created_at": "2026-03-01T09:00:00Z", "updated_at": "2026-03-01T09:00:00Z"}},
  {"model": "backlog.backlogitem", "pk": 7, "fields": {"title": "Slack integration", "description": "Post deal updates to a Slack channel", "status": "testing", "author": 2, "votes": 6, "order": 1, "created_at": "2026-03-05T11:00:00Z", "updated_at": "2026-03-05T11:00:00Z"}},
  {"model": "backlog.backlogitem", "pk": 8, "fields": {"title": "Dark mode", "description": "Full dark-mode theme across all pages", "status": "done", "author": 5, "votes": 20, "order": 0, "created_at": "2025-12-01T09:00:00Z", "updated_at": "2026-01-05T15:00:00Z"}},

  {"model": "tasks.task", "pk": 1, "fields": {"title": "Follow up with TechFlow on contract", "description": "Send the revised contract to TechFlow legal team", "assigned_to": 3, "created_by": 2, "priority": "high", "status": "todo", "deadline": "2026-04-20T17:00:00Z", "linked_client": 1, "linked_deal": 1, "created_at": "2026-04-10T09:00:00Z", "updated_at": "2026-04-10T09:00:00Z"}},
  {"model": "tasks.task", "pk": 2, "fields": {"title": "Prepare ShopLytics proposal deck", "description": "Create a slide deck with team profiles and pricing", "assigned_to": 3, "created_by": 2, "priority": "high", "status": "in_progress", "deadline": "2026-04-18T17:00:00Z", "linked_client": 2, "linked_deal": 2, "created_at": "2026-04-08T10:00:00Z", "updated_at": "2026-04-12T11:00:00Z"}},
  {"model": "tasks.task", "pk": 3, "fields": {"title": "MediCore technical discovery call", "description": "Schedule and conduct discovery call with CTO", "assigned_to": 4, "created_by": 2, "priority": "urgent", "status": "done", "deadline": "2026-04-15T15:00:00Z", "linked_client": 3, "linked_deal": 3, "created_at": "2026-04-07T09:00:00Z", "updated_at": "2026-04-14T16:00:00Z"}},
  {"model": "tasks.task", "pk": 4, "fields": {"title": "Onboard GameForge to portal", "description": "Create client account and walkthrough", "assigned_to": 5, "created_by": 2, "priority": "medium", "status": "todo", "deadline": "2026-04-25T17:00:00Z", "linked_client": 4, "linked_deal": null, "created_at": "2026-04-11T14:00:00Z", "updated_at": "2026-04-11T14:00:00Z"}},
  {"model": "tasks.task", "pk": 5, "fields": {"title": "Renew LogiChain SLA agreement", "description": "Check current SLA terms and prepare renewal doc", "assigned_to": 4, "created_by": 2, "priority": "low", "status": "todo", "deadline": "2026-05-01T17:00:00Z", "linked_client": 5, "linked_deal": 5, "created_at": "2026-04-12T09:00:00Z", "updated_at": "2026-04-12T09:00:00Z"}},
  {"model": "tasks.task", "pk": 6, "fields": {"title": "Update CRM seed data and test fixtures", "description": "Add users, chat channels, backlog items to fixtures", "assigned_to": 2, "created_by": 2, "priority": "medium", "status": "done", "deadline": "2026-04-15T12:00:00Z", "linked_client": null, "linked_deal": null, "created_at": "2026-04-14T09:00:00Z", "updated_at": "2026-04-15T10:00:00Z"}},

  {"model": "chat.chatchannel", "pk": 1, "fields": {"name": "General", "channel_type": "group", "members": [1, 2, 3, 4, 5], "created_at": "2026-01-01T08:00:00Z"}},
  {"model": "chat.chatchannel", "pk": 2, "fields": {"name": "Sales Team", "channel_type": "group", "members": [1, 2, 3], "created_at": "2026-01-01T08:30:00Z"}},

  {"model": "chat.chatmessage", "pk": 1, "fields": {"channel": 1, "author": 2, "text": "Привет всем! Рады запуску нашей новой CRM системы 🎉", "reply_to": null, "is_edited": false, "created_at": "2026-04-01T09:00:00Z", "updated_at": "2026-04-01T09:00:00Z"}},
  {"model": "chat.chatmessage", "pk": 2, "fields": {"channel": 1, "author": 3, "text": "Отлично! Уже протестировала раздел клиентов — работает отлично.", "reply_to": 1, "is_edited": false, "created_at": "2026-04-01T09:05:00Z", "updated_at": "2026-04-01T09:05:00Z"}},
  {"model": "chat.chatmessage", "pk": 3, "fields": {"channel": 1, "author": 4, "text": "Канбан по сделкам — огонь! DnD работает очень плавно.", "reply_to": null, "is_edited": false, "created_at": "2026-04-01T09:10:00Z", "updated_at": "2026-04-01T09:10:00Z"}},
  {"model": "chat.chatmessage", "pk": 4, "fields": {"channel": 1, "author": 5, "text": "Когда планируем показывать клиентам?", "reply_to": null, "is_edited": false, "created_at": "2026-04-01T09:15:00Z", "updated_at": "2026-04-01T09:15:00Z"}},
  {"model": "chat.chatmessage", "pk": 5, "fields": {"channel": 1, "author": 2, "text": "После финального тестирования — ориентировочно на следующей неделе.", "reply_to": 4, "is_edited": false, "created_at": "2026-04-01T09:20:00Z", "updated_at": "2026-04-01T09:20:00Z"}},
  {"model": "chat.chatmessage", "pk": 6, "fields": {"channel": 1, "author": 1, "text": "Хорошая работа команда! Бэклог задач уже заполнен, можно приоритизировать.", "reply_to": null, "is_edited": false, "created_at": "2026-04-02T10:00:00Z", "updated_at": "2026-04-02T10:00:00Z"}},
  {"model": "chat.chatmessage", "pk": 7, "fields": {"channel": 1, "author": 3, "text": "Вадим, можешь посмотреть сделку по MediCore? Там нужно уточнить технические требования.", "reply_to": null, "is_edited": false, "created_at": "2026-04-03T11:00:00Z", "updated_at": "2026-04-03T11:00:00Z"}},
  {"model": "chat.chatmessage", "pk": 8, "fields": {"channel": 1, "author": 4, "text": "Да, уже смотрю. Созвонимся сегодня в 15:00?", "reply_to": 7, "is_edited": false, "created_at": "2026-04-03T11:05:00Z", "updated_at": "2026-04-03T11:05:00Z"}},
  {"model": "chat.chatmessage", "pk": 9, "fields": {"channel": 1, "author": 3, "text": "Договорились!", "reply_to": 8, "is_edited": false, "created_at": "2026-04-03T11:10:00Z", "updated_at": "2026-04-03T11:10:00Z"}},
  {"model": "chat.chatmessage", "pk": 10, "fields": {"channel": 1, "author": 5, "text": "Обновил статус по GameForge — контакт подтверждён, встреча на следующей неделе.", "reply_to": null, "is_edited": false, "created_at": "2026-04-05T14:00:00Z", "updated_at": "2026-04-05T14:00:00Z"}},

  {"model": "chat.chatmessage", "pk": 11, "fields": {"channel": 2, "author": 2, "text": "Коллеги, дедлайн по ShopLytics — 18 апреля. Анна, всё успеваем?", "reply_to": null, "is_edited": false, "created_at": "2026-04-10T09:00:00Z", "updated_at": "2026-04-10T09:00:00Z"}},
  {"model": "chat.chatmessage", "pk": 12, "fields": {"channel": 2, "author": 3, "text": "Да, презентация почти готова. Осталось добавить финансовые условия.", "reply_to": 11, "is_edited": false, "created_at": "2026-04-10T09:10:00Z", "updated_at": "2026-04-10T09:10:00Z"}},
  {"model": "chat.chatmessage", "pk": 13, "fields": {"channel": 2, "author": 1, "text": "TechFlow подписали контракт! 18 000 USD / мес — отличный старт квартала.", "reply_to": null, "is_edited": false, "created_at": "2026-04-12T14:00:00Z", "updated_at": "2026-04-12T14:00:00Z"}},
  {"model": "chat.chatmessage", "pk": 14, "fields": {"channel": 2, "author": 3, "text": "Ура! Вадим, тогда берём ещё двух разработчиков на этот проект?", "reply_to": 13, "is_edited": false, "created_at": "2026-04-12T14:15:00Z", "updated_at": "2026-04-12T14:15:00Z"}},
  {"model": "chat.chatmessage", "pk": 15, "fields": {"channel": 2, "author": 2, "text": "MediCore переговоры на финальной стадии, ожидаем подписание на этой неделе.", "reply_to": null, "is_edited": false, "created_at": "2026-04-14T10:00:00Z", "updated_at": "2026-04-14T10:00:00Z"}},

  {"model": "chat.chatreaction", "pk": 1, "fields": {"message": 1, "user": 3, "emoji": "🎉"}},
  {"model": "chat.chatreaction", "pk": 2, "fields": {"message": 1, "user": 4, "emoji": "🎉"}},
  {"model": "chat.chatreaction", "pk": 3, "fields": {"message": 1, "user": 5, "emoji": "👍"}},
  {"model": "chat.chatreaction", "pk": 4, "fields": {"message": 13, "user": 2, "emoji": "🔥"}},
  {"model": "chat.chatreaction", "pk": 5, "fields": {"message": 13, "user": 3, "emoji": "🎉"}},
  {"model": "chat.chatreaction", "pk": 6, "fields": {"message": 13, "user": 4, "emoji": "🎉"}},
  {"model": "chat.chatreaction", "pk": 7, "fields": {"message": 3, "user": 2, "emoji": "👍"}},
  {"model": "chat.chatreaction", "pk": 8, "fields": {"message": 6, "user": 3, "emoji": "❤️"}}
]
